Workbook

Sheet Події
A1: № | B1: ФО | C1: Суб'єкт | D1: Дата | E1: Точність дати | F1: Населений пункт | G1: Хвиля | H1: Форма акції | I1: Акція відбулася | J1: Опис | K1: Учасники | L1: Ініціатор | M1: Адресат | N1: Реакція влади | O1: Статус | P1: Причина рішення | Q1: Тип джерела | R1: Джерело 1 | S1: Джерело 2
A2: Республіка Алтай
B3: СФО | C3: Республіка Алтай | J3: За 2026 рік акцій не виявлено. Головний сюжет — муніципальна реформа — вичерпався вуличною фазою червня 2025 (див. блок «Поза скоупом / контекст»). | O3: —
B4: СФО | C4: Республіка Алтай
B5: СФО | C5: Республіка Алтай
B6: СФО | C6: Республіка Алтай
B7: СФО | C7: Республіка Алтай
A8: Разом | J8: =CONCATENATE("Погоджено: ",COUNTIF(O3:O7,"Погоджено")," · Межових: ",COUNTIF(O3:O7,"Межовий")," · Відкинуто: ",COUNTIF(O3:O7,"Відкинуто")) -> Погоджено: 0 · Межових: 0 · Відкинуто: 0 | O8: =COUNTIF(O3:O7,"Погоджено") -> 0
A10: Алтайський край
A11: 1 | B11: СФО | C11: Алтайський край | D11: 2026-03-01 | E11: Період | F11: Барнаул | G11: Блокування інтернету | H11: Відмова в узгодженні | I11: Ні — заборонено | J11: КПРФ подала на мітинг проти політичних репресій і блокувань інтернету. Адміністрація відмовила, заявивши, що політичних репресій у РФ немає, а мітинг пошириться «неправдивою інформацією» | L11: КПРФ | M11: Федеральний | N11: Відмова в узгодженні | O11: Погоджено | Q11: Незалежне медіа | R11: https://novayagazeta.ru/articles/2026/03/10/poshli-v-otkaz
A12: 2 | B12: СФО | C12: Алтайський край | D12: 2026-04-21 | E12: Точна | F12: Алтайський край | G12: Муніципальна реформа | H12: Колективне звернення | I12: Так | J12: Два райони краю виступили проти ліквідації сільрад за ФЗ-33; депутатів опитують повторно після того, як півроку тому губернатор підтримав збереження сільрад | L12: Райради | M12: Федеральний | N12: Немає | O12: Межовий | P12: Інституційний опір органів МСУ, не вулична акція | Q12: Незалежне медіа | R12: https://semnasem.org/news/2026/04/21/dva-rajona-altajskogo-kraya-vystupili-protiv-unichtozheniya-selsovetov-polgoda-nazad-gubernator-podderzhal-ih-sohranenie-no-deputatov-snova-oprashivayut | S12: https://semnasem.org/news/2026/05/12/altajskij-chinovnik-obyasnil-unichtozhenie-selsovetov-zakonom-spisannym-u-nedruzhestvennyh-stran
A13: 3 | B13: СФО | C13: Алтайський край | D13: 2026-05-05 | E13: Точна | F13: Барнаул | G13: Муніципальна реформа | H13: Колективне звернення | I13: Так | J13: Фракція «Справедливої Росії» виступила проти законопроєкту про перетворення районів на муніципальні округи й ліквідацію сільрад на сесії АКЗС | L13: Справедлива Росія | M13: Федеральний | N13: Немає | O13: Межовий | P13: Депутатська заява на сесії, не публічна акція | Q13: Регіональне медіа | R13: https://tolknews.ru/obsestvo/216175-sotsialisti-viskazalis-protiv-munitsipalnoy-reformi-v-altayskom-krae
A14: 4 | B14: СФО | C14: Алтайський край | D14: 2026-08-05 | E14: Точна | F14: Алтайський край | G14: Обмеження права на протест | H14: Інше | I14: Так | J14: Влада краю урізала список офіційних локацій для проведення мітингів і демонстрацій | L14: Влада краю | M14: Регіональний | N14: Обмеження місць для акцій | O14: Погоджено | P14: Реакція влади на протестну активність; виконання федерального курсу на згортання акцій | Q14: Регіональне медіа | R14: https://www.bankfax.ru/news/167162/
A15: 5 | B15: СФО | C15: Алтайський край | D15: 2026-08-15 | E15: Точна | F15: Барнаул | G15: Поза хвилями | H15: Груповий пікет | I15: Так | J15: Узгоджений пікет на площі Свободи з вимогою зупинити будівництво 25-поверхового ЖК «Маяковський-2»; ідеться про навантаження на інфраструктуру й порушення норм забудовником «Селфбуд» | L15: Мешканці | M15: Місцевий | N15: Немає | O15: Відкинуто | P15: Адресат — забудовник і міська влада, федерального виміру немає | Q15: Регіональне медіа | R15: http://habitora.ru/news/zhiteli-barnaula-vyydut-na-piket-15-2026-08-15
B16: СФО | C16: Алтайський край
B17: СФО | C17: Алтайський край
B18: СФО | C18: Алтайський край
B19: СФО | C19: Алтайський край
A20: Разом | J20: =CONCATENATE("Погоджено: ",COUNTIF(O11:O19,"Погоджено")," · Межових: ",COUNTIF(O11:O19,"Межовий")," · Відкинуто: ",COUNTIF(O11:O19,"Відкинуто")) -> Погоджено: 2 · Межових: 2 · Відкинуто: 1 | O20: =COUNTIF(O11:O19,"Погоджено") -> 2
A22: Тива
A23: 6 | B23: СФО | C23: Тива | D23: 2026-01-01 | E23: Період | F23: Кизил | G23: Поза хвилями | H23: Інше | I23: Н/д | J23: Підпал автомобіля «Тойота», що належить громадському діячеві, у дворі житлового будинку по вул. Кочетова, 3 | L23: Невідомі | M23: Місцевий | N23: Немає | O23: Відкинуто | P23: Кримінальна подія, а не протестна акція | Q23: Незалежне медіа | R23: https://risk-inform.com/article_11907.html
A24: 7 | B24: СФО | C24: Тива | D24: 2026-01-01 | E24: Період | F24: Тива | G24: Поза хвилями | H24: Інше | I24: Н/д | J24: Анонімна кампанія у «ВКонтакті» тувинською мовою проти сенатора від Тиви Людмили Нарусової — претензії до її бездіяльності в Раді Федерації | L24: Анонімні автори | M24: Федеральний | N24: Немає | O24: Відкинуто | P24: Дописи в соцмережах прямо виключені визначенням K1 | Q24: Незалежне медіа | R24: https://risk-inform.com/article_11907.html
B25: СФО | C25: Тива
B26: СФО | C26: Тива
B27: СФО | C27: Тива
B28: СФО | C28: Тива
A29: Разом | J29: =CONCATENATE("Погоджено: ",COUNTIF(O23:O28,"Погоджено")," · Межових: ",COUNTIF(O23:O28,"Межовий")," · Відкинуто: ",COUNTIF(O23:O28,"Відкинуто")) -> Погоджено: 0 · Межових: 0 · Відкинуто: 2 | O29: =COUNTIF(O23:O28,"Погоджено") -> 0
A31: Хакасія
A32: 8 | B32: СФО | C32: Хакасія | D32: 2026-07-10 | E32: Точна | F32: Абакан | G32: Поза хвилями | H32: Затримання / штраф | I32: Так | J32: На шістьох мешканців склали протоколи про несанкціонований мітинг за організацію зустрічі любителів занижених автомобілів | K32: 6 | L32: Автолюбителі | M32: Місцевий | N32: Протоколи за ст. 20.2 КпАП | O32: Відкинуто | P32: Зустріч не є протестом; показово як ілюстрація застосування ст. 20.2 | Q32: Незалежне медіа | R32: https://zona.media/news/2026/07/10/abakan
A33: 9 | B33: СФО | C33: Хакасія | D33: 2026-08-08 | E33: Точна | F33: Абакан | G33: Мобілізація і війна | H33: Одиночний пікет | I33: Так | J33: Олена Трофімова вийшла з плакатом «Верните сына! Мобилизован 26.09.22» під час святкування Дня міста на стадіоні. Поліція вилучила плакат, доставила її до відділку й утримувала три години, погрожуючи психлікарнею й тюрмою. Публічно домагається повернення мобілізованих із вересня 2023 | K33: 1 | L33: Низовий | M33: Федеральний | N33: Затримання, 3 год у відділку, вилучення плаката, погрози | O33: Погоджено | Q33: Незалежне медіа | R33: https://semnasem.org/news/2026/08/10/policejskie-v-hakasii-zaderzhala-za-piket-mat-mobilizovannogo-i-ugrozhali-ej-psihdispanserom | S33: https://echofm.online/news/v-hakasii-policziya-zaderzhala-vyshedshuyu-v-piket-mat-mobilizovannogo-ej-ugrozhali-psihiatricheskoj-bolniczej-i-tyurmoj
B34: СФО | C34: Хакасія
B35: СФО | C35: Хакасія
B36: СФО | C36: Хакасія
B37: СФО | C37: Хакасія
A38: Разом | J38: =CONCATENATE("Погоджено: ",COUNTIF(O32:O37,"Погоджено")," · Межових: ",COUNTIF(O32:O37,"Межовий")," · Відкинуто: ",COUNTIF(O32:O37,"Відкинуто")) -> Погоджено: 1 · Межових: 0 · Відкинуто: 1 | O38: =COUNTIF(O32:O37,"Погоджено") -> 1
A40: Красноярський край
B41: СФО | C41: Красноярський край | J41: За 2026 рік акцій не виявлено. Причина названа прямо: у 2025 краю ухвалено закон, що фактично забороняє мітинги; ЛДПР відмовили навіть у мітингу проти заборони мітингів. | O41: — | Q41: Регіональне медіа | R41: https://tvknews.ru/publications/news/84663/
B42: СФО | C42: Красноярський край
B43: СФО | C43: Красноярський край
B44: СФО | C44: Красноярський край
B45: СФО | C45: Красноярський край
A46: Разом | J46: =CONCATENATE("Погоджено: ",COUNTIF(O41:O45,"Погоджено")," · Межових: ",COUNTIF(O41:O45,"Межовий")," · Відкинуто: ",COUNTIF(O41:O45,"Відкинуто")) -> Погоджено: 0 · Межових: 0 · Відкинуто: 0 | O46: =COUNTIF(O41:O45,"Погоджено") -> 0
A48: Іркутська область
A49: 10 | B49: СФО | C49: Іркутська область | D49: 2026-03-01 | E49: Період | F49: Іркутськ | G49: Блокування інтернету | H49: Відмова в узгодженні | I49: Ні — заборонено | J49: Григорій Гребенко («Яблоко») і правозахисник Павло Харитоненко подали на мітинг за вільний інтернет на 300 учасників. Узгодження спершу дали, потім відкликали — «може прийти більше людей, організатори не гарантують безпеку». Суд визнав заборону законною | K49: 300 заявлено | L49: Яблоко | M49: Федеральний | N49: Відкликане узгодження, суд підтвердив заборону | O49: Погоджено | Q49: Незалежне медіа | R49: https://novayagazeta.ru/articles/2026/03/10/poshli-v-otkaz
A50: 11 | B50: СФО | C50: Іркутська область | D50: 2026-04-07 | E50: Точна | F50: Іркутськ | G50: Блокування інтернету | H50: Одиночний пікет | I50: Так | J50: Павло Харитоненко вийшов до будівлі адміністрації області з плакатом «Досить забороняти! Вимагаю вільний та доступний інтернет!» | K50: 1 | L50: Яблоко | M50: Федеральний | N50: Немає | O50: Погоджено | Q50: Незалежне медіа | R50: https://baikal-journal.ru/2026/04/07/piket-protiv-blokirovok-proshel-v-irkutske/
A51: 12 | B51: СФО | C51: Іркутська область | D51: 2026-04-24 | E51: Точна | F51: Іркутськ | G51: Поза хвилями | H51: Мітинг | I51: Так | J51: Узгоджено мітинг проти присипляння безпритульних тварин — обласний закон дозволяє присипляти хворих і агресивних собак і котів через 20 днів після вилову | L51: Зоозахисники | M51: Регіональний | N51: Немає | O51: Відкинуто | P51: Адресат — Законодавчі збори області | Q51: Незалежне медіа | R51: https://baikal-journal.ru/2026/04/24/miting-protiv-usypleniya-bezdomnyh-zhivotnyh-soglasovali-irkutske/
A52: 13 | B52: СФО | C52: Іркутська область | D52: 2026-06-25 | E52: Точна | F52: Іркутськ | G52: Поза хвилями | H52: Груповий пікет | I52: Так | J52: Близько 40 мешканців вийшли на пікет із вимогою накласти вето на обласний закон про поводження з безпритульними тваринами | K52: ~40 | L52: Зоозахисники | M52: Регіональний | N52: Немає | O52: Відкинуто | P52: Адресат — обласний закон | Q52: Регіональне медіа | R52: https://ircity.ru/text/animals/2026/06/25/76498612/
A53: 14 | B53: СФО | C53: Іркутська область | D53: 2026-07-11 | E53: Точна | F53: Кіренськ | G53: Поза хвилями | H53: Мітинг | I53: Так | J53: Близько 500 мешканців вийшли на мітинг і записали звернення до Путіна через припинення авіасполучення з 1 червня: смугу не ремонтували понад 20 років. Після розголосу виділили 40 млн руб., смугу має обстежити Росавіація. Публікація в корпусі — 17.07 | K53: ~500 | L53: Мешканці | M53: Федеральний | N53: Немає; після розголосу — виділення коштів | O53: Погоджено | Q53: Telegram-корпус | R53: https://t.me/irk01/25142
A54: 15 | B54: СФО | C54: Іркутська область | D54: 2026-07-28 | E54: Точна | F54: о. Ольхон | G54: Поза хвилями | H54: Перекриття дороги | I54: Так | J54: Мешканців острова перестали пускати на пором в обхід туристів — це єдиний спосіб дістатися додому з материка. Вони влаштували акцію протесту біля переправи, рух було зупинено. Поліція Іркутської області затримала 14 «активних учасників ситуації по обидва боки переправи» | L54: Мешканці | M54: Регіональний | N54: Затримано 14 осіб | O54: Відкинуто | P54: Місцева транспортна проблема без федерального адресата; масштаб реакції влади робить рядок вартим перегляду | Q54: Державне | R54: https://vestiirk.ru/news/piket-u-paroma-zavershilsia-razbiratelstvom-v-politsii/ | S54: https://meduza.io/feature/2026/07/29/zhiteli-ostrova-olhon-na-baykale-mogut-dobratsya-do-materika-tolko-na-parome-nedavno-ih-otkazalis-propuskat-bez-ocheredi-v-obhod-turistov
B55: СФО | C55: Іркутська область
B56: СФО | C56: Іркутська область
B57: СФО | C57: Іркутська область
B58: СФО | C58: Іркутська область
A59: Разом | J59: =CONCATENATE("Погоджено: ",COUNTIF(O49:O58,"Погоджено")," · Межових: ",COUNTIF(O49:O58,"Межовий")," · Відкинуто: ",COUNTIF(O49:O58,"Відкинуто")) -> Погоджено: 3 · Межових: 0 · Відкинуто: 3 | O59: =COUNTIF(O49:O58,"Погоджено") -> 3
A61: Кемеровська область
B62: СФО | C62: Кемеровська область | J62: За 2026 рік акцій не виявлено. Привід гострий: борг «Северного Кузбасса» перед шахтарями зріс до 256 млн руб., частина гірників 8 місяців без зарплати; у 2024–2025 цей конфлікт давав страйки й голодування. | O62: — | Q62: Регіональне медіа | R62: https://ngs42.ru/text/job/2026/05/26/76441281/
B63: СФО | C63: Кемеровська область
B64: СФО | C64: Кемеровська область
B65: СФО | C65: Кемеровська область
B66: СФО | C66: Кемеровська область
A67: Разом | J67: =CONCATENATE("Погоджено: ",COUNTIF(O62:O66,"Погоджено")," · Межових: ",COUNTIF(O62:O66,"Межовий")," · Відкинуто: ",COUNTIF(O62:O66,"Відкинуто")) -> Погоджено: 0 · Межових: 0 · Відкинуто: 0 | O67: =COUNTIF(O62:O66,"Погоджено") -> 0
A69: Новосибірська область
A70: 16 | B70: СФО | C70: Новосибірська область | D70: 2026-03-01 | E70: Період | F70: с. Козиха, Новопичугово | G70: Забій худоби | H70: Перекриття дороги | I70: Так | J70: Фермери й мешканці перекрили дороги тракторами й особистим транспортом, не пускаючи спецтехніку до місць забою; проходили пікети біля приймальні губернатора | L70: Фермери, мешканці | M70: Змішаний | N70: Затримання, застереження прокуратури | O70: Погоджено | P70: Режим НС і ветприписи — федеральний контур; вимоги адресовані Путіну й відомствам | Q70: Незалежне медіа | R70: https://meduza.io/feature/2026/03/18/sibirskie-fermery-prodolzhayut-protestovat-protiv-zaboya-domashnego-skota | S70: https://ru.wikipedia.org/wiki/%D0%9C%D0%B0%D1%81%D1%81%D0%BE%D0%B2%D1%8B%D0%B9_%D0%B7%D0%B0%D0%B1%D0%BE%D0%B9_%D1%81%D0%BA%D0%BE%D1%82%D0%B0_%D0%B2_%D0%A0%D0%BE%D1%81%D1%81%D0%B8%D0%B8_(2026)
A71: 17 | B71: СФО | C71: Новосибірська область | D71: 2026-03-12 | E71: Точна | F71: Баганський район | G71: Забій худоби | H71: Затримання / штраф | I71: Так | J71: Журналіста Івана Фролова затримано за відеорепортаж про забій; призначено перевірку за ст. 207.1 КК («неправдива інформація про загрозу») | K71: 1 | L71: Журналіст | M71: Федеральний | N71: Затримання, перевірка за ст. 207.1 КК | O71: Погоджено | Q71: Довідкове (вікі) | R71: https://ru.wikipedia.org/wiki/%D0%9C%D0%B0%D1%81%D1%81%D0%BE%D0%B2%D1%8B%D0%B9_%D0%B7%D0%B0%D0%B1%D0%BE%D0%B9_%D1%81%D0%BA%D0%BE%D1%82%D0%B0_%D0%B2_%D0%A0%D0%BE%D1%81%D1%81%D0%B8%D0%B8_(2026) | S71: https://www.currenttime.tv/a/novosibirskoy-oblasti-fermery-protestuyut-protiv-zaboya-skota/33710065.html
A72: 18 | B72: СФО | C72: Новосибірська область | D72: 2026-03-13 | E72: Точна | F72: Новосибірськ | G72: Забій худоби | H72: Одиночний пікет | I72: Так | J72: Активіст РКП(б) Сергій Крупенько вийшов на одиночний пікет до будівлі уряду області проти масового знищення худоби у фермерських і домашніх господарствах | K72: 1 | L72: РКП(б) | M72: Змішаний | N72: Немає | O72: Погоджено | P72: Єдине джерело — форум; потрібне підтвердження в медіа | Q72: Соцмережа / форум | R72: https://www.yaplakal.com/forum2/topic3055342.html
A73: 19 | B73: СФО | C73: Новосибірська область | D73: 2026-03-14 | E73: Точна | F73: с. Новоключі | G73: Забій худоби | H73: Одиночний пікет | I73: Так | J73: Світлана Паніна провела одиночний пікет у приймальні губернатора Травникова й міністра сільського господарства; пройшла в кабінет міністра, який покинув приміщення | K73: 1 | L73: Мешканка | M73: Змішаний | N73: Немає | O73: Погоджено | Q73: Довідкове (вікі) | R73: https://ru.wikipedia.org/wiki/%D0%9C%D0%B0%D1%81%D1%81%D0%BE%D0%B2%D1%8B%D0%B9_%D0%B7%D0%B0%D0%B1%D0%BE%D0%B9_%D1%81%D0%BA%D0%BE%D1%82%D0%B0_%D0%B2_%D0%A0%D0%BE%D1%81%D1%81%D0%B8%D0%B8_(2026) | S73: https://meduza.io/feature/2026/03/18/sibirskie-fermery-prodolzhayut-protestovat-protiv-zaboya-domashnego-skota
A74: 20 | B74: СФО | C74: Новосибірська область | D74: 2026-03-22 | E74: Точна | F74: с. Чернокур'я | G74: Забій худоби | H74: Інше | I74: Так | J74: Фермер Петро Полежаєв облився бензином, погрожуючи самоспаленням, намагаючись зупинити забій; худобу знищили наступного дня | K74: 1 | L74: Фермер | M74: Змішаний | N74: Немає | O74: Погоджено | Q74: Довідкове (вікі) | R74: https://ru.wikipedia.org/wiki/%D0%9C%D0%B0%D1%81%D1%81%D0%BE%D0%B2%D1%8B%D0%B9_%D0%B7%D0%B0%D0%B1%D0%BE%D0%B9_%D1%81%D0%BA%D0%BE%D1%82%D0%B0_%D0%B2_%D0%A0%D0%BE%D1%81%D1%81%D0%B8%D0%B8_(2026)
A75: 21 | B75: СФО | C75: Новосибірська область | D75: 2026-03-29 | E75: Точна | F75: Новосибірськ | G75: Забій худоби | H75: Відмова в узгодженні | I75: Ні — заборонено | J75: Мерія відмовила узгодити мітинг на підтримку фермерів, пославшись на поширення «неправдивої інформації» | L75: Активісти | M75: Змішаний | N75: Відмова в узгодженні | O75: Погоджено | Q75: Довідкове (вікі) | R75: https://ru.wikipedia.org/wiki/%D0%9C%D0%B0%D1%81%D1%81%D0%BE%D0%B2%D1%8B%D0%B9_%D0%B7%D0%B0%D0%B1%D0%BE%D0%B9_%D1%81%D0%BA%D0%BE%D1%82%D0%B0_%D0%B2_%D0%A0%D0%BE%D1%81%D1%81%D0%B8%D0%B8_(2026)
A76: 22 | B76: СФО | C76: Новосибірська область | D76: 2026-03-29 | E76: Період | F76: Новосибірськ | G76: Блокування інтернету | H76: Відмова в узгодженні | I76: Ні — заборонено | J76: Відмова в акції проти блокування Telegram під приводом «необхідності обстеження дерев» біля театру «Глобус»; для видимості робіт привели працівників із бензопилами, учасників затримали | L76: Активісти | M76: Федеральний | N76: Затримання учасників | O76: Погоджено | Q76: Незалежне медіа | R76: https://novayagazeta.ru/articles/2026/03/10/poshli-v-otkaz | S76: https://ru.wikipedia.org/wiki/%D0%91%D0%BB%D0%BE%D0%BA%D0%B8%D1%80%D0%BE%D0%B2%D0%BA%D0%B0_Telegram_%D0%B2_%D0%A0%D0%BE%D1%81%D1%81%D0%B8%D0%B8_(2026)
A77: 23 | B77: СФО | C77: Новосибірська область | D77: 2026-03-30 | E77: Точна | F77: Новосибірськ | G77: Блокування інтернету | H77: Затримання / штраф | I77: Так | J77: Активіста оштрафували на 250 тис. руб. за стрім, записаний 01.03 на площі, — його визнали «публічним заходом у формі відеозвернення». Затримали дорогою на акцію проти забою худоби | K77: 1 | L77: Активіст | M77: Федеральний | N77: Штраф 250 тис. руб., затримання | O77: Погоджено | Q77: Незалежне медіа | R77: https://novayagazeta.eu/articles/2026/03/30/strim-kotoryi-sochli-mitingom
A78: 24 | B78: СФО | C78: Новосибірська область | D78: 2026-03-31 | E78: Місяць | F78: Новосибірська область | G78: Забій худоби | H78: Колективний позов | I78: Так | J78: Фермери подали колективний позов проти губернатора й уряду області через масове вилучення й знищення худоби | L78: Фермери | M78: Змішаний | N78: Немає | O78: Погоджено | Q78: Незалежне медіа | R78: https://kedr.media/news/novosibirskie-fermery-podali-isk-protiv-vlastej-iz-za-massovogo-izyatiya-skota/ | S78: https://novayagazeta.ru/articles/2026/07/30/obyknovennoe-skotstvo
A79: 25 | B79: СФО | C79: Новосибірська область | D79: 2026-07-27 | E79: Точна | F79: Москва / Новосибірськ | G79: Поза хвилями | H79: Одиночний пікет | I79: Так | J79: Голову новосибірського відділення ВООПІК Наталю Шаміну вдруге затримали в Москві після одиночного пікету біля адміністрації президента проти законопроєкту, що дозволяє регіонам знімати охоронний статус з об'єктів культурної спадщини. Оголосила голодування, доставлена до психіатричної лікарні; протокол затримання не складали, адвоката не викликали | K79: 1 | L79: ВООПІК | M79: Федеральний | N79: Затримання, психлікарня | O79: Погоджено | P79: Акція в Москві, але суб'єкт і предмет — новосибірські | Q79: Telegram-корпус | R79: https://t.me/nsk_smi/31348
A80: 26 | B80: СФО | C80: Новосибірська область | D80: 2026-08-07 | E80: Точна | F80: Новосибірськ | G80: Поза хвилями | H80: Мітинг | I80: Так | J80: Мітинг «Збережемо культурну спадщину — захистимо країну» проти законопроєкту №827867-8 (ухвалений Держдумою 07.07, схвалений Радою Федерації 17.07), який спрощує виключення об'єктів культурної спадщини з реєстру. Організатор — обласне відділення ВООПІК | K80: кілька десятків | L80: ВООПІК | M80: Федеральний | N80: Немає | O80: Погоджено | P80: У наданому переліку датовано 07.09 — джерело вказує 07.08 | Q80: Партійне / громадське | R80: https://xn--54-1lclv.xn--p1ai/news/novosibirsk-miting-sohranim-kulturnoe-nasledie-zashhitim-stranu-07-08-26/ | S80: https://t.me/nsk_smi/31724
B81: СФО | C81: Новосибірська область
B82: СФО | C82: Новосибірська область
B83: СФО | C83: Новосибірська область
B84: СФО | C84: Новосибірська область
A85: Разом | J85: =CONCATENATE("Погоджено: ",COUNTIF(O70:O84,"Погоджено")," · Межових: ",COUNTIF(O70:O84,"Межовий")," · Відкинуто: ",COUNTIF(O70:O84,"Відкинуто")) -> Погоджено: 11 · Межових: 0 · Відкинуто: 0 | O85: =COUNTIF(O70:O84,"Погоджено") -> 11
A87: Омська область
A88: 27 | B88: СФО | C88: Омська область | D88: 2026-01-26 | E88: Точна | F88: Омськ | G88: Тарифи й комуналка | H88: Груповий пікет | I88: Так | J88: Мешканці будинків по вул. Орджонікідзе влаштували пікет із вимогою усунути порив на тепломережах — без опалення понад два тижні | L88: Мешканці | M88: Місцевий | N88: Немає | O88: Відкинуто | P88: Комунальна аварія — прямо виключений випадок | Q88: Регіональне медіа | R88: https://ngs55.ru/text/house/2026/01/27/76235217/
A89: 28 | B89: СФО | C89: Омська область | D89: 2026-08-13 | E89: Точна | F89: Москва | G89: Мобілізація і війна | H89: Одиночний пікет | I89: Так | J89: Активісти лівих партій вийшли на одиночні пікети до Міністерства оборони РФ із плакатом «Друзі, давайте сядемо за стіл мирних переговорів!» | L89: Ліві партії | M89: Федеральний | N89: Немає | O89: Відкинуто | P89: Акція відбулася в МОСКВІ; у наданому переліку помилково віднесена до Омської області | Q89: Соцмережа / форум | R89: https://rutube.ru/video/de2e0e058256883dee0063b95b0863a3/
B90: СФО | C90: Омська область
B91: СФО | C91: Омська область
B92: СФО | C92: Омська область
B93: СФО | C93: Омська область
A94: Разом | J94: =CONCATENATE("Погоджено: ",COUNTIF(O88:O93,"Погоджено")," · Межових: ",COUNTIF(O88:O93,"Межовий")," · Відкинуто: ",COUNTIF(O88:O93,"Відкинуто")) -> Погоджено: 0 · Межових: 0 · Відкинуто: 2 | O94: =COUNTIF(O88:O93,"Погоджено") -> 0
A96: Томська область
A97: 29 | B97: СФО | C97: Томська область | D97: 2026-01-20 | E97: Точна | F97: Томськ | G97: Блокування інтернету | H97: Відмова в узгодженні | I97: Ні — заборонено | J97: Міська влада відмовила активісту в пікеті проти цензури в мережі, пославшись на те, що на тій самій території відбуватиметься інше дійство. Найраніший зафіксований епізод інтернет-хвилі у скоупі | L97: Активіст | M97: Федеральний | N97: Відмова в узгодженні | O97: Погоджено | Q97: Регіональне медіа | R97: https://runews24.ru/tomsk/20/01/2026/v-tomskoj-oblasti-otmenili-piket-protiv-czenzuryi-v-internete
B98: СФО | C98: Томська область
B99: СФО | C99: Томська область
B100: СФО | C100: Томська область
B101: СФО | C101: Томська область
A102: Разом | J102: =CONCATENATE("Погоджено: ",COUNTIF(O97:O101,"Погоджено")," · Межових: ",COUNTIF(O97:O101,"Межовий")," · Відкинуто: ",COUNTIF(O97:O101,"Відкинуто")) -> Погоджено: 1 · Межових: 0 · Відкинуто: 0 | O102: =COUNTIF(O97:O101,"Погоджено") -> 1
A104: Бурятія
A105: 30 | B105: ДФО | C105: Бурятія | D105: 2026-04-08 | E105: Точна | F105: Улан-Уде | G105: Блокування інтернету | H105: Відмова в узгодженні | I105: Ні — лише заявка | J105: Перший секретар БРО КПРФ, депутат Держдуми В'ячеслав Мархаєв повідомив про подання владі Улан-Уде повідомлення про мітинг «За вільний інтернет» | L105: КПРФ | M105: Федеральний | N105: Н/д | O105: Погоджено | P105: Результат розгляду заявки треба уточнити | Q105: Незалежне медіа | R105: https://rtvi.com/news/v-buryatii-kommunisty-anonsirovali-miting-protiv-blokirovok/
A106: 31 | B106: ДФО | C106: Бурятія | D106: 2026-04-23 | E106: Точна | F106: Улан-Уде | G106: Поза хвилями | H106: Колективне звернення | I106: Так | J106: Фракція КПРФ у Народному Хуралі публічно зажадала відставки глави республіки Циденова й уряду — претензія до системи управління загалом | L106: КПРФ | M106: Регіональний | N106: Немає | O106: Відкинуто | P106: Адресат радше регіональний | Q106: Джерело відсутнє
A107: 32 | B107: ДФО | C107: Бурятія | D107: 2026-05-01 | E107: Точна | F107: Улан-Уде | G107: Поза хвилями | H107: Мітинг | I107: Так | J107: Мітинг солідарності; серед вимог — захист Байкалу і спротив розробці апатитового родовища в Ошурково | L107: КПРФ | M107: Федеральний | N107: Немає | O107: Погоджено | P107: Надрокористування ліцензує центр | Q107: Партійне / громадське | R107: https://kprf.ru/party-live/regnews/243547.html
A108: 33 | B108: ДФО | C108: Бурятія | D108: 2026-08-04 | E108: Точна | F108: Улан-Уде | G108: Поза хвилями | H108: Одиночний пікет | I108: Так | J108: Активіст Радянського районного відділення КПРФ Баїр Зомонов провів одиночний пікет із плакатом «Я за чесні вибори» | K108: 1 | L108: КПРФ | M108: Змішаний | N108: Немає | O108: Погоджено | P108: Кампанія до Держдуми федеральна, але прямої претензії до центру в плакаті немає | Q108: Партійне / громадське | R108: https://kprf.ru/party-live/regnews/246087.html
B109: ДФО | C109: Бурятія
B110: ДФО | C110: Бурятія
...

Sheet Зведення
A1: Суб'єкт | B1: ФО | C1: Погоджено (K1) | D1: Межових | E1: Відкинуто | F1: Усього рядків
A2: Республіка Алтай | B2: СФО | C2: =COUNTIFS(Події!$C$2:$C$233,$A2,Події!$O$2:$O$233,"Погоджено") -> 0 | D2: =COUNTIFS(Події!$C$2:$C$233,$A2,Події!$O$2:$O$233,"Межовий") -> 0 | E2: =COUNTIFS(Події!$C$2:$C$233,$A2,Події!$O$2:$O$233,"Відкинуто") -> 0 | F2: =SUM(C2:E2) -> 0
A3: Алтайський край | B3: СФО | C3: =COUNTIFS(Події!$C$2:$C$233,$A3,Події!$O$2:$O$233,"Погоджено") -> 2 | D3: =COUNTIFS(Події!$C$2:$C$233,$A3,Події!$O$2:$O$233,"Межовий") -> 2 | E3: =COUNTIFS(Події!$C$2:$C$233,$A3,Події!$O$2:$O$233,"Відкинуто") -> 1 | F3: =SUM(C3:E3) -> 5
A4: Тива | B4: СФО | C4: =COUNTIFS(Події!$C$2:$C$233,$A4,Події!$O$2:$O$233,"Погоджено") -> 0 | D4: =COUNTIFS(Події!$C$2:$C$233,$A4,Події!$O$2:$O$233,"Межовий") -> 0 | E4: =COUNTIFS(Події!$C$2:$C$233,$A4,Події!$O$2:$O$233,"Відкинуто") -> 2 | F4: =SUM(C4:E4) -> 2
A5: Хакасія | B5: СФО | C5: =COUNTIFS(Події!$C$2:$C$233,$A5,Події!$O$2:$O$233,"Погоджено") -> 1 | D5: =COUNTIFS(Події!$C$2:$C$233,$A5,Події!$O$2:$O$233,"Межовий") -> 0 | E5: =COUNTIFS(Події!$C$2:$C$233,$A5,Події!$O$2:$O$233,"Відкинуто") -> 1 | F5: =SUM(C5:E5) -> 2
A6: Красноярський край | B6: СФО | C6: =COUNTIFS(Події!$C$2:$C$233,$A6,Події!$O$2:$O$233,"Погоджено") -> 0 | D6: =COUNTIFS(Події!$C$2:$C$233,$A6,Події!$O$2:$O$233,"Межовий") -> 0 | E6: =COUNTIFS(Події!$C$2:$C$233,$A6,Події!$O$2:$O$233,"Відкинуто") -> 0 | F6: =SUM(C6:E6) -> 0
A7: Іркутська область | B7: СФО | C7: =COUNTIFS(Події!$C$2:$C$233,$A7,Події!$O$2:$O$233,"Погоджено") -> 3 | D7: =COUNTIFS(Події!$C$2:$C$233,$A7,Події!$O$2:$O$233,"Межовий") -> 0 | E7: =COUNTIFS(Події!$C$2:$C$233,$A7,Події!$O$2:$O$233,"Відкинуто") -> 3 | F7: =SUM(C7:E7) -> 6
A8: Кемеровська область | B8: СФО | C8: =COUNTIFS(Події!$C$2:$C$233,$A8,Події!$O$2:$O$233,"Погоджено") -> 0 | D8: =COUNTIFS(Події!$C$2:$C$233,$A8,Події!$O$2:$O$233,"Межовий") -> 0 | E8: =COUNTIFS(Події!$C$2:$C$233,$A8,Події!$O$2:$O$233,"Відкинуто") -> 0 | F8: =SUM(C8:E8) -> 0
A9: Новосибірська область | B9: СФО | C9: =COUNTIFS(Події!$C$2:$C$233,$A9,Події!$O$2:$O$233,"Погоджено") -> 11 | D9: =COUNTIFS(Події!$C$2:$C$233,$A9,Події!$O$2:$O$233,"Межовий") -> 0 | E9: =COUNTIFS(Події!$C$2:$C$233,$A9,Події!$O$2:$O$233,"Відкинуто") -> 0 | F9: =SUM(C9:E9) -> 11
A10: Омська область | B10: СФО | C10: =COUNTIFS(Події!$C$2:$C$233,$A10,Події!$O$2:$O$233,"Погоджено") -> 0 | D10: =COUNTIFS(Події!$C$2:$C$233,$A10,Події!$O$2:$O$233,"Межовий") -> 0 | E10: =COUNTIFS(Події!$C$2:$C$233,$A10,Події!$O$2:$O$233,"Відкинуто") -> 2 | F10: =SUM(C10:E10) -> 2
A11: Томська область | B11: СФО | C11: =COUNTIFS(Події!$C$2:$C$233,$A11,Події!$O$2:$O$233,"Погоджено") -> 1 | D11: =COUNTIFS(Події!$C$2:$C$233,$A11,Події!$O$2:$O$233,"Межовий") -> 0 | E11: =COUNTIFS(Події!$C$2:$C$233,$A11,Події!$O$2:$O$233,"Відкинуто") -> 0 | F11: =SUM(C11:E11) -> 1
A12: Бурятія | B12: ДФО | C12: =COUNTIFS(Події!$C$2:$C$233,$A12,Події!$O$2:$O$233,"Погоджено") -> 3 | D12: =COUNTIFS(Події!$C$2:$C$233,$A12,Події!$O$2:$O$233,"Межовий") -> 0 | E12: =COUNTIFS(Події!$C$2:$C$233,$A12,Події!$O$2:$O$233,"Відкинуто") -> 1 | F12: =SUM(C12:E12) -> 4
A13: Саха (Якутія) | B13: ДФО | C13: =COUNTIFS(Події!$C$2:$C$233,$A13,Події!$O$2:$O$233,"Погоджено") -> 2 | D13: =COUNTIFS(Події!$C$2:$C$233,$A13,Події!$O$2:$O$233,"Межовий") -> 0 | E13: =COUNTIFS(Події!$C$2:$C$233,$A13,Події!$O$2:$O$233,"Відкинуто") -> 0 | F13: =SUM(C13:E13) -> 2
... A25: Поза скоупом / контекст | B25: — | C25: =COUNTIFS(Події!$C$2:$C$233,$A25,Події!$O$2:$O$233,"Погоджено") -> 0 | D25: =COUNTIFS(Події!$C$2:$C$233,$A25,Події!$O$2:$O$233,"Межовий") -> 0 | E25: =COUNTIFS(Події!$C$2:$C$233,$A25,Події!$O$2:$O$233,"Відкинуто") -> 9 | F25: =SUM(C25:E25) -> 9
A26: РАЗОМ | C26: =SUM(C2:C25) -> 30 | D26: =SUM(D2:D25) -> 2 | E26: =SUM(E2:E25) -> 25 | F26: =SUM(F2:F25) -> 57
A28: • Числа рахуються формулами COUNTIFS по аркушу «Події» — щойно аналітик змінить статус або допише подію, зведення оновиться саме.
A29: • «Погоджено» = інцидент зарахований як K1. «Межовий» = потребує рішення щодо адресата. «Відкинуто» = розглянуто й визнано не-K1.
A30: • У кожному блоці суб'єкта на аркуші «Події» залишено 4 порожні рядки під нові події — вони вже входять у діапазон підрахунку.
A31: • Блок «Поза скоупом / контекст» містить події поза 23 суб'єктами або поза періодом 2026 — у підсумок K1 вони не входять.

Sheet Довідники
A1: Статус | B1: Хвиля | C1: Форма акції | D1: Акція відбулася | E1: Адресат | F1: Точність дати
A2: Погоджено | B2: Забій худоби | C2: Мітинг | D2: Так | E2: Федеральний | F2: Точна
A3: Межовий | B3: Блокування інтернету | C3: Одиночний пікет | D3: Ні — заборонено | E3: Регіональний | F3: Місяць
A4: Відкинуто | B4: Утильзбір і податки | C4: Груповий пікет | D4: Ні — лише заявка | E4: Місцевий | F4: Період
B5: Муніципальна реформа | C5: Перекриття дороги | D5: Н/д | E5: Роботодавець | F5: Н/д
B6: Мобілізація і війна | C6: Колективне звернення | E6: Іноземна держава
B7: Тарифи й комуналка | C7: Колективний позов | E7: Змішаний
B8: Обмеження права на протест | C8: Відмова в узгодженні
B9: Поза хвилями | C9: Затримання / штраф
C10: Страйк / голодування
C11: Інше
