Workbook

Sheet Епізоди
A1: № | B1: ФО | C1: Суб'єкт | D1: Дата | E1: Точність дати | F1: Населений пункт | G1: Механізм | H1: Тип епізоду | I1: Напрям відтоку | J1: Опис | K1: Масштаб | L1: Хто заявив | M1: Причина за джерелом | N1: Статус | O1: Причина рішення | P1: Тип джерела | Q1: Джерело 1 | R1: Джерело 2
A2: Республіка Алтай
A3: 1 | B3: СФО | C3: Республіка Алтай | D3: 2024-12-31 | E3: Період | F3: Республіка Алтай | G3: Інше | H3: Статистичні дані | I3: Внутрішній | J3: За 2024 рік республіка — один із трьох регіонів СФО з міграційним ПРИРОСТОМ (+42) | K3: +42 | L3: Росстат | M3: Не названа | N3: Зустрічний знак | O3: Суперечить гіпотезі ТЗ про збільшення відтоку | P3: Регіональне медіа | Q3: https://kvnews.ru/news-feed/omskaya-oblast-voshla-v-pyatrku-regionov-s-samym-bolshim-migratsionnym-ottokom
B4: СФО | C4: Республіка Алтай
B5: СФО | C5: Республіка Алтай
B6: СФО | C6: Республіка Алтай
B7: СФО | C7: Республіка Алтай
A8: Разом | J8: =CONCATENATE("Погоджено: ",COUNTIF(N3:N7,"Погоджено")," · Межових: ",COUNTIF(N3:N7,"Межовий")," · Відкинуто: ",COUNTIF(N3:N7,"Відкинуто")," · Зустрічних: ",COUNTIF(N3:N7,"Зустрічний знак")) | N8: =COUNTIF(N3:N7,"Погоджено")
A10: Алтайський край
B11: СФО | C11: Алтайський край | J11: Епізодів 2026 року не знайдено. Коефіцієнт міграційного приросту 2023 — −0,8 на 10 тис.; помітний відтік молоді в абсолютних числах, але новинних подій цього року немає. | N11: — | P11: Офіційний документ | Q11: https://rosstat.gov.ru/compendium/document/13283
B12: СФО | C12: Алтайський край
B13: СФО | C13: Алтайський край
B14: СФО | C14: Алтайський край
B15: СФО | C15: Алтайський край
A16: Разом | J16: =CONCATENATE("Погоджено: ",COUNTIF(N11:N15,"Погоджено")," · Межових: ",COUNTIF(N11:N15,"Межовий")," · Відкинуто: ",COUNTIF(N11:N15,"Відкинуто")," · Зустрічних: ",COUNTIF(N11:N15,"Зустрічний знак")) | N16: =COUNTIF(N11:N15,"Погоджено")
A18: Тива
A19: 2 | B19: СФО | C19: Тива | D19: 2023-12-31 | E19: Період | F19: Тива | G19: Відтік молоді | H19: Статистичні дані | I19: Внутрішній | J19: Найгірший коефіцієнт міграційного приросту у скоупі — −7,4 на 10 тис. За 2017–2022 республіка втратила 0,40% населення через від'їзд молоді | K19: −7,4 / 10 тис. | L19: Росстат | M19: Не названа | N19: Відкинуто | O19: Поза періодом (2023). Епізодів 2026 року не знайдено — Тива найгірше покрита новинними джерелами | P19: Офіційний документ | Q19: https://rosstat.gov.ru/compendium/document/13283 | R19: https://cyberleninka.ru/article/n/sravnitelnyy-analiz-sotsialno-demograficheskoy-situatsii-v-respublikah-sibirskogo-federalnogo-okruga-altay-tuva-hakasiya
B20: СФО | C20: Тива
B21: СФО | C21: Тива
B22: СФО | C22: Тива
B23: СФО | C23: Тива
A24: Разом | J24: =CONCATENATE("Погоджено: ",COUNTIF(N19:N23,"Погоджено")," · Межових: ",COUNTIF(N19:N23,"Межовий")," · Відкинуто: ",COUNTIF(N19:N23,"Відкинуто")," · Зустрічних: ",COUNTIF(N19:N23,"Зустрічний знак")) | N24: =COUNTIF(N19:N23,"Погоджено")
A26: Хакасія
A27: 3 | B27: СФО | C27: Хакасія | D27: 2024-12-31 | E27: Період | F27: Хакасія | G27: Інше | H27: Статистичні дані | I27: Внутрішній | J27: За 2024 рік республіка — один із трьох регіонів СФО з міграційним ПРИРОСТОМ (+335) | K27: +335 | L27: Росстат | M27: Не названа | N27: Зустрічний знак | O27: Суперечить гіпотезі ТЗ | P27: Регіональне медіа | Q27: https://kvnews.ru/news-feed/omskaya-oblast-voshla-v-pyatrku-regionov-s-samym-bolshim-migratsionnym-ottokom
B28: СФО | C28: Хакасія
B29: СФО | C29: Хакасія
B30: СФО | C30: Хакасія
B31: СФО | C31: Хакасія
A32: Разом | J32: =CONCATENATE("Погоджено: ",COUNTIF(N27:N31,"Погоджено")," · Межових: ",COUNTIF(N27:N31,"Межовий")," · Відкинуто: ",COUNTIF(N27:N31,"Відкинуто")," · Зустрічних: ",COUNTIF(N27:N31,"Зустрічний знак")) | N32: =COUNTIF(N27:N31,"Погоджено")
A34: Красноярський край
B35: СФО | C35: Красноярський край | J35: Епізодів 2026 року не знайдено. За 2023 рік — єдиний із великих сибірських регіонів із міграційним приростом (+3,4 на 10 тис.). | N35: — | P35: Офіційний документ | Q35: https://rosstat.gov.ru/compendium/document/13283
B36: СФО | C36: Красноярський край
B37: СФО | C37: Красноярський край
B38: СФО | C38: Красноярський край
B39: СФО | C39: Красноярський край
A40: Разом | J40: =CONCATENATE("Погоджено: ",COUNTIF(N35:N39,"Погоджено")," · Межових: ",COUNTIF(N35:N39,"Межовий")," · Відкинуто: ",COUNTIF(N35:N39,"Відкинуто")," · Зустрічних: ",COUNTIF(N35:N39,"Зустрічний знак")) | N40: =COUNTIF(N35:N39,"Погоджено")
A42: Іркутська область
A43: 4 | B43: СФО | C43: Іркутська область | D43: 2024-12-31 | E43: Період | F43: Іркутська область | G43: Відтік молоді | H43: Статистичні дані | I43: Внутрішній | J43: Найбільший міграційний спад у Сибірському ФО за 2024 рік — −3 384 особи (за січень–листопад −3 067) | K43: −3 384 | L43: Росстат | M43: Не названа | N43: Відкинуто | O43: Поза періодом (2024) — наведено як база порівняння | P43: Регіональне медіа | Q43: https://kvnews.ru/news-feed/omskaya-oblast-voshla-v-pyatrku-regionov-s-samym-bolshim-migratsionnym-ottokom
A44: 5 | B44: СФО | C44: Іркутська область | D44: 2026-01-01 | E44: Період | F44: Іркутська область | G44: Відтік молоді | H44: Статистичні дані | I44: Внутрішній | J44: Відтік кадрів із області випереджає приплив — регіон втрачає робочу силу швидше, ніж набирає | L44: Аналітики / ЗМІ | M44: Змішана | N44: Погоджено | O44: Дату публікації треба уточнити за джерелом | P44: Регіональне медіа | Q44: https://sia.ru/?action=show_news&id=16828417&section=484
B45: СФО | C45: Іркутська область
B46: СФО | C46: Іркутська область
B47: СФО | C47: Іркутська область
B48: СФО | C48: Іркутська область
A49: Разом | J49: =CONCATENATE("Погоджено: ",COUNTIF(N43:N48,"Погоджено")," · Межових: ",COUNTIF(N43:N48,"Межовий")," · Відкинуто: ",COUNTIF(N43:N48,"Відкинуто")," · Зустрічних: ",COUNTIF(N43:N48,"Зустрічний знак")) | N49: =COUNTIF(N43:N48,"Погоджено")
A51: Кемеровська область
A52: 6 | B52: СФО | C52: Кемеровська область | D52: 2024-09-08 | E52: Точна | F52: Кемеровська область | G52: Відтік молоді | H52: Статистичні дані | I52: Внутрішній | J52: Понад 23 тис. осіб виїхали з Кузбасу з початку 2024 року; область увійшла до п'ятірки регіонів РФ, звідки виїжджає більше, ніж приїжджає. Міграційний спад за рік — −3 223 | K52: 23 000+ | L52: Росстат / ЗМІ | M52: Не названа | N52: Відкинуто | O52: Поза періодом (2024) — база порівняння для кузбаського сюжету | P52: Регіональне медіа | Q52: https://ngs42.ru/text/gorod/2024/09/08/74062700/ | R52: https://kuzbass.aif.ru/society/ottok_naseleniya_iz_kuzbassa_prodolzhaetsya
A53: 7 | B53: СФО | C53: Кемеровська область | D53: 2026-02-19 | E53: Точна | F53: Кузбас | G53: Вугільна криза | H53: Закриття підприємства | I53: Н/д | J53: Ростехнагляд видав вісім протоколів про тимчасову зупинку роботи шахт через невідповідність вимогам промислової безпеки | K53: 8 шахт | L53: Ростехнагляд | M53: Федеральна | N53: Погоджено | O53: Зупинка підприємств у регіоні мономіст — прямий драйвер виїзду; рішення федерального органу | P53: Регіональне медіа | Q53: https://ngs42.ru/text/incidents/2026/02/19/76272623/
A54: 8 | B54: СФО | C54: Кемеровська область | D54: 2026-03-08 | E54: Точна | F54: Бєлово | G54: Вугільна криза | H54: Закриття підприємства | I54: Н/д | J54: Шахта «Чертинская-Коксовая» закрита й переведена на суху консервацію. Причини: обвал цін на вугільний концентрат, зростання собівартості, падіння споживання коксівного вугілля металургією | K54: 1 шахта | L54: Власник / ЗМІ | M54: Федеральна | N54: Погоджено | O54: Цінова й логістична кон'юнктура вугілля — наслідок санкційного й тарифного контуру центру | P54: Регіональне медіа | Q54: https://ngs42.ru/text/job/2026/03/08/76301747/
A55: 9 | B55: СФО | C55: Кемеровська область | D55: 2026-05-06 | E55: Точна | F55: Кемеровська область | G55: Вугільна криза | H55: Статистичні дані | I55: Н/д | J55: За три роки в Кузбасі закрилося 20 вугільних підприємств: зі 160 компаній станом на 01.04.2023 до 140 на 01.04.2026 | K55: 20 підприємств | L55: Обласна влада / ЗМІ | M55: Федеральна | N55: Погоджено | P55: Регіональне медіа | Q55: https://ngs42.ru/text/economics/2026/05/06/76404811/ | R55: https://ngs42.ru/text/economics/2026/05/11/76414284/
A56: 10 | B56: СФО | C56: Кемеровська область | D56: 2026-05-15 | E56: Місяць | F56: Кемеровська область | G56: Вугільна криза | H56: Визнання посадовця | I56: Н/д | J56: Губернатор Кузбасу публічно повідомив про закриття восьми вугільних підприємств | K56: 8 підприємств | L56: Губернатор | M56: Федеральна | N56: Погоджено | O56: Визнання посадовця — найцінніший тип підтвердження; точну дату треба уточнити | P56: Незалежне медіа | Q56: https://www.kommersant.ru/doc/8571641
A57: 11 | B57: СФО | C57: Кемеровська область | D57: 2026-05-26 | E57: Точна | F57: Кемеровська область | G57: Вугільна криза | H57: Інше | I57: Н/д | J57: Борг «Северного Кузбасса» перед шахтарями зріс до 256 млн руб., СК шукає постраждалих; частина гірників вісім місяців без зарплати. Працівники шахт «Первомайская» і «Березовская» заявляють про непогашені борги | K57: 256 млн руб. | L57: СК / працівники | M57: Змішана | N57: Межовий | O57: Трудовий спір як драйвер виїзду; прямої заяви про від'їзд у джерелі немає | P57: Регіональне медіа | Q57: https://ngs42.ru/text/job/2026/05/26/76441281/
B58: СФО | C58: Кемеровська область
B59: СФО | C59: Кемеровська область
B60: СФО | C60: Кемеровська область
B61: СФО | C61: Кемеровська область
A62: Разом | J62: =CONCATENATE("Погоджено: ",COUNTIF(N52:N61,"Погоджено")," · Межових: ",COUNTIF(N52:N61,"Межовий")," · Відкинуто: ",COUNTIF(N52:N61,"Відкинуто")," · Зустрічних: ",COUNTIF(N52:N61,"Зустрічний знак")) | N62: =COUNTIF(N52:N61,"Погоджено")
A64: Новосибірська область
A65: 12 | B65: СФО | C65: Новосибірська область | D65: 2024-12-31 | E65: Період | F65: Новосибірська область | G65: Інше | H65: Статистичні дані | I65: Внутрішній | J65: За 2024 рік — найбільший міграційний ПРИРІСТ у Сибірському ФО (+2 541). Область стягує населення з сусідніх регіонів | K65: +2 541 | L65: Росстат | M65: Не названа | N65: Зустрічний знак | O65: Внутрішньосибірський перерозподіл, а не втрата | P65: Регіональне медіа | Q65: https://kvnews.ru/news-feed/omskaya-oblast-voshla-v-pyatrku-regionov-s-samym-bolshim-migratsionnym-ottokom
A66: 13 | B66: СФО | C66: Новосибірська область | D66: 2026-01-01 | E66: Період | F66: с. Новоселье, Болотнинський р-н | G66: Оптимізація соціалки | H66: Ліквідація населеного пункту | I66: Внутрішній | J66: Село офіційно скасоване у 2026 році: соціальної інфраструктури не було з 2007 року, жителів — з 2002. Формальна ліквідація як завершення процесу спорожніння | K66: 1 населений пункт | L66: Обласна влада | M66: Змішана | N66: Погоджено | O66: Точну дату рішення треба уточнити | P66: Регіональне медіа | Q66: https://ngs24.ru/text/gorod/2026/08/10/76575873/
B67: СФО | C67: Новосибірська область
B68: СФО | C68: Новосибірська область
B69: СФО | C69: Новосибірська область
B70: СФО | C70: Новосибірська область
A71: Разом | J71: =CONCATENATE("Погоджено: ",COUNTIF(N65:N70,"Погоджено")," · Межових: ",COUNTIF(N65:N70,"Межовий")," · Відкинуто: ",COUNTIF(N65:N70,"Відкинуто")," · Зустрічних: ",COUNTIF(N65:N70,"Зустрічний знак")) | N71: =COUNTIF(N65:N70,"Погоджено")
A73: Омська область
A74: 14 | B74: СФО | C74: Омська область | D74: 2024-12-31 | E74: Період | F74: Омська область | G74: Інше | H74: Статистичні дані | I74: Внутрішній | J74: Міграційний спад 2024 — 1 855 осіб проти 4 877 у 2023, скорочення втричі. З вересня 2024 фіксується щомісячний ПРИРІСТ, за три місяці +505 | K74: −1 855 → +505 | L74: Омскстат | M74: Не названа | N74: Зустрічний знак | O74: Відтік різко скоротився й змінив знак — суперечить гіпотезі ТЗ | P74: Регіональне медіа | Q74: https://www.omsk.kp.ru/online/news/6227785/ | R74: https://kvnews.ru/news-feed/omskaya-oblast-voshla-v-pyatrku-regionov-s-samym-bolshim-migratsionnym-ottokom
A75: 15 | B75: СФО | C75: Омська область | D75: 2026-01-01 | E75: Період | F75: Омська область | G75: Відтік молоді | H75: Репортаж ЗМІ | I75: Внутрішній | J75: Регіональні ЗМІ повідомляють, що населення області продовжує стрімко убувати | L75: ЗМІ | M75: Не названа | N75: Межовий | O75: Суперечить офіційним даним про приріст з вересня 2024 — розбіжність треба звірити; дату уточнити | P75: Регіональне медіа | Q75: https://news.mail.ru/society/64369327/
B76: СФО | C76: Омська область
B77: СФО | C77: Омська область
B78: СФО | C78: Омська область
B79: СФО | C79: Омська область
A80: Разом | J80: =CONCATENATE("Погоджено: ",COUNTIF(N74:N79,"Погоджено")," · Межових: ",COUNTIF(N74:N79,"Межовий")," · Відкинуто: ",COUNTIF(N74:N79,"Відкинуто")," · Зустрічних: ",COUNTIF(N74:N79,"Зустрічний знак")) | N80: =COUNTIF(N74:N79,"Погоджено")
A82: Томська область
A83: 16 | B83: СФО | C83: Томська область | D83: 2024-12-31 | E83: Період | F83: Томська область | G83: Відтік молоді | H83: Статистичні дані | I83: Внутрішній | J83: Населення на 01.01.2025 — 1 039 458 осіб, за рік менше на 4 397. Міграційний спад 2024 — −3 343, другий у Сибірському ФО | K83: −3 343 | L83: Росстат | M83: Не названа | N83: Відкинуто | O83: Поза періодом (2024). Епізодів 2026 року не знайдено | P83: Регіональне медіа | Q83: https://kvnews.ru/news-feed/omskaya-oblast-voshla-v-pyatrku-regionov-s-samym-bolshim-migratsionnym-ottokom
B84: СФО | C84: Томська область
B85: СФО | C85: Томська область
B86: СФО | C86: Томська область
B87: СФО | C87: Томська область
A88: Разом | J88: =CONCATENATE("Погоджено: ",COUNTIF(N83:N87,"Погоджено")," · Межових: ",COUNTIF(N83:N87,"Межовий")," · Відкинуто: ",COUNTIF(N83:N87,"Відкинуто")," · Зустрічних: ",COUNTIF(N83:N87,"Зустрічний знак")) | N88: =COUNTIF(N83:N87,"Погоджено")
A90: Бурятія
A91: 17 | B91: ДФО | C91: Бурятія | D91: 2024-12-31 | E91: Період | F91: Бурятія | G91: Інше | H91: Статистичні дані | I91: Внутрішній | J91: За 2024 рік республіка вийшла в міграційний ПРИРІСТ +1 564. Населення скоротилось на 1,2 тис. (до 970,7 тис.), але виключно через природний спад — померлих більше за народжених на 2 378 | K91: +1 564 | L91: Бурятстат | M91: Не названа | N91: Зустрічний знак | O91: Прямо суперечить гіпотезі ТЗ; важливо, що спад природний, а не міграційний | P91: Офіційний документ | Q91: https://03.rosstat.gov.ru/statcurrentevents/document/219479 | R91: https://arigus.tv/news/society/149883-buryatiya-prodolzhaet-vymirat/
B92: ДФО | C92: Бурятія
B93: ДФО | C93: Бурятія
B94: ДФО | C94: Бурятія
B95: ДФО | C95: Бурятія
A96: Разом | J96: =CONCATENATE("Погоджено: ",COUNTIF(N91:N95,"Погоджено")," · Межових: ",COUNTIF(N91:N95,"Межовий")," · Відкинуто: ",COUNTIF(N91:N95,"Відкинуто")," · Зустрічних: ",COUNTIF(N91:N95,"Зустрічний знак")) | N96: =COUNTIF(N91:N95,"Погоджено")
A98: Саха (Якутія)
A99: 18 | B99: ДФО | C99: Саха (Якутія) | D99: 2023-12-31 | E99: Період | F99: Республіка Саха | G99: Інше | H99: Статистичні дані | I99: Внутрішній | J99: За 2023 рік республіка має міграційний ПРИРІСТ +0,8 на 10 тис. За переписом 2021 приріст показали лише Якутськ і Хангаласький улус, решта 32 улуси — у спаді | K99: +0,8 / 10 тис. | L99: Росстат | M99: Не названа | N99: Зустрічний знак | O99: Республіканський плюс приховує внутрішню концентрацію: улуси порожніють на користь Якутська | P99: Офіційний документ | Q99: https://rosstat.gov.ru/compendium/document/13283
A100: 19 | B100: ДФО | C100: Саха (Якутія) | D100: 2026-01-01 | E100: Період | F100: села на Лені | G100: Оптимізація соціалки | H100: Заява депутата | I100: Внутрішній | J100: Депутат Володимир Фьодоров назвав спорожніння сіл на Лені «тихою катастрофою» | L100: Депутат | M100: Змішана | N100: Погоджено | O100: Заява депутата — цінне підтвердження; точну дату треба уточнити | P100: Регіональне медіа | Q100: https://yakutia.info/article/214442
A101: 20 | B101: ДФО | C101: Саха (Якутія) | D101: 2026-01-01 | E101: Період | F101: Республіка Саха | G101: Заміщувальна міграція | H101: Репортаж ЗМІ | I101: Змішаний | J101: «Яктаймс»: республіку покидає корінне населення, кількість мігрантів із СНД зростає. За 2018–2022 у Якутії народилося 19 999 осіб, а виїхало 18 357 уродженців республіки | K101: 18 357 за 5 років | L101: ЗМІ / Сахастат | M101: Змішана | N101: Погоджено | O101: Заміщувальна міграція прямо передбачена промптом K3; дату публікації уточнити | P101: Регіональне медіа | Q101: https://yakutia.info/article/210043
A102: 21 | B102: ДФО | C102: Саха (Якутія) | D102: 2026-05-29 | E102: Точна | F102: Республіка Саха | G102: Оптимізація соціалки | H102: Експертна оцінка | I102: Внутрішній | J102: Матеріал «Села вмирають, але цього не уникнути»: розмова з антропологом про те, чому Ленський міст є умовою виживання республіки. Віддалені південні села страждають через відсутність доріг і газу | L102: Антрополог | M102: Федеральна | N102: Погоджено | O102: Транспортна ізоляція як причина відтоку; міст — федеральний проєкт | P102: Регіональне медіа | Q102: https://14.ru/text/politics/2026/05/29/76431927/
B103: ДФО | C103: Саха (Якутія)
B104: ДФО | C104: Саха (Якутія)
B105: ДФО | C105: Саха (Якутія)
B106: ДФО | C106: Саха (Якутія)
A107: Разом | J107: =CONCATENATE("Погоджено: ",COUNTIF(N99:N106,"Погоджено")," · Межових: ",COUNTIF(N99:N106,"Межовий")," · Відкинуто: ",COUNTIF(N99:N106,"Відкинуто")," · Зустрічних: ",COUNTIF(N99:N106,"Зустрічний знак")) | N107: =COUNTIF(N99:N106,"Погоджено")
A109: Забайкальський край
A110: 22 | B110: ДФО | C110: Забайкальський край | D110: 2024-11-30 | E110: Період | F110: Забайкальський край | G110: Інше | H110: Статистичні дані | I110: Внутрішній | J110: За січень–листопад 2024 міграційний відтік −2 029 осіб, що на 57,3% менше за той самий період 2023 року: прибулих +16,0%, вибулих −14,7%. Довгий контекст: за 22 роки край втратив близько 200 тис. осіб — майже чверть населення | K110: −2 029 (−57,3%) | L110: Забайкалкрайстат | M110: Не названа | N110: Зустрічний знак | O110: Відтік різко скорочується — суперечить гіпотезі ТЗ, попри катастрофічний довгостроковий тренд | P110: Регіональне медіа | Q110: https://zab.tv/news/72513 | R110: https://www.eastrussia.ru/news/naselenie-zabaykalya-umenshilos-za-schet-migratsii-/
A111: 23 | B111: ДФО | C111: Забайкальський край | D111: 2026-02-16 | E111: Точна | F111: с. Ульча, Акшинський р-н | G111: Оптимізація соціалки | H111: Закриття / злиття школи | I111: Внутрішній | J111: Крихітну школу на 50 дітей об'єднали зі школою сусіднього села Урейськ «заради оптимізації». З 2026 року в краї почалася оптимізація шкіл і дитсадків | K111: 50 дітей | L111: Крайова влада | M111: Змішана | N111: Погоджено | O111: Зникнення школи — типова точка, після якої село втрачає жителів | P111: Регіональне медіа | Q111: https://www.chita.ru/text/education/2026/02/16/76266305/
A112: 24 | B112: ДФО | C112: Забайкальський край | D112: 2026-06-18 | E112: Точна | F112: Забайкальський край | G112: Оптимізація соціалки | H112: Репортаж ЗМІ | I112: Внутрішній | J112: Аналітичний розбір: що буде з малими сільськими школами краю в межах оптимізації | L112: ЗМІ | M112: Змішана | N112: Погоджено | P112: Регіональне медіа | Q112: https://www.chita.ru/text/education/2026/06/18/76483001/
...

Sheet Зведення
A1: Суб'єкт | B1: ФО | C1: Погоджено (K3) | D1: Межових | E1: Відкинуто | F1: Зустрічних знаків | G1: Усього рядків
A2: Республіка Алтай | B2: СФО | C2: =COUNTIFS(Епізоди!$C$2:$C$216,$A2,Епізоди!$N$2:$N$216,"Погоджено") | D2: =COUNTIFS(Епізоди!$C$2:$C$216,$A2,Епізоди!$N$2:$N$216,"Межовий") | E2: =COUNTIFS(Епізоди!$C$2:$C$216,$A2,Епізоди!$N$2:$N$216,"Відкинуто") | F2: =COUNTIFS(Епізоди!$C$2:$C$216,$A2,Епізоди!$N$2:$N$216,"Зустрічний знак") | G2: =SUM(C2:F2)
A3: Алтайський край | B3: СФО | C3: =COUNTIFS(Епізоди!$C$2:$C$216,$A3,Епізоди!$N$2:$N$216,"Погоджено") | D3: =COUNTIFS(Епізоди!$C$2:$C$216,$A3,Епізоди!$N$2:$N$216,"Межовий") | E3: =COUNTIFS(Епізоди!$C$2:$C$216,$A3,Епізоди!$N$2:$N$216,"Відкинуто") | F3: =COUNTIFS(Епізоди!$C$2:$C$216,$A3,Епізоди!$N$2:$N$216,"Зустрічний знак") | G3: =SUM(C3:F3)
A4: Тива | B4: СФО | C4: =COUNTIFS(Епізоди!$C$2:$C$216,$A4,Епізоди!$N$2:$N$216,"Погоджено") | D4: =COUNTIFS(Епізоди!$C$2:$C$216,$A4,Епізоди!$N$2:$N$216,"Межовий") | E4: =COUNTIFS(Епізоди!$C$2:$C$216,$A4,Епізоди!$N$2:$N$216,"Відкинуто") | F4: =COUNTIFS(Епізоди!$C$2:$C$216,$A4,Епізоди!$N$2:$N$216,"Зустрічний знак") | G4: =SUM(C4:F4)
A5: Хакасія | B5: СФО | C5: =COUNTIFS(Епізоди!$C$2:$C$216,$A5,Епізоди!$N$2:$N$216,"Погоджено") | D5: =COUNTIFS(Епізоди!$C$2:$C$216,$A5,Епізоди!$N$2:$N$216,"Межовий") | E5: =COUNTIFS(Епізоди!$C$2:$C$216,$A5,Епізоди!$N$2:$N$216,"Відкинуто") | F5: =COUNTIFS(Епізоди!$C$2:$C$216,$A5,Епізоди!$N$2:$N$216,"Зустрічний знак") | G5: =SUM(C5:F5)
A6: Красноярський край | B6: СФО | C6: =COUNTIFS(Епізоди!$C$2:$C$216,$A6,Епізоди!$N$2:$N$216,"Погоджено") | D6: =COUNTIFS(Епізоди!$C$2:$C$216,$A6,Епізоди!$N$2:$N$216,"Межовий") | E6: =COUNTIFS(Епізоди!$C$2:$C$216,$A6,Епізоди!$N$2:$N$216,"Відкинуто") | F6: =COUNTIFS(Епізоди!$C$2:$C$216,$A6,Епізоди!$N$2:$N$216,"Зустрічний знак") | G6: =SUM(C6:F6)
A7: Іркутська область | B7: СФО | C7: =COUNTIFS(Епізоди!$C$2:$C$216,$A7,Епізоди!$N$2:$N$216,"Погоджено") | D7: =COUNTIFS(Епізоди!$C$2:$C$216,$A7,Епізоди!$N$2:$N$216,"Межовий") | E7: =COUNTIFS(Епізоди!$C$2:$C$216,$A7,Епізоди!$N$2:$N$216,"Відкинуто") | F7: =COUNTIFS(Епізоди!$C$2:$C$216,$A7,Епізоди!$N$2:$N$216,"Зустрічний знак") | G7: =SUM(C7:F7)
A8: Кемеровська область | B8: СФО | C8: =COUNTIFS(Епізоди!$C$2:$C$216,$A8,Епізоди!$N$2:$N$216,"Погоджено") | D8: =COUNTIFS(Епізоди!$C$2:$C$216,$A8,Епізоди!$N$2:$N$216,"Межовий") | E8: =COUNTIFS(Епізоди!$C$2:$C$216,$A8,Епізоди!$N$2:$N$216,"Відкинуто") | F8: =COUNTIFS(Епізоди!$C$2:$C$216,$A8,Епізоди!$N$2:$N$216,"Зустрічний знак") | G8: =SUM(C8:F8)
A9: Новосибірська область | B9: СФО | C9: =COUNTIFS(Епізоди!$C$2:$C$216,$A9,Епізоди!$N$2:$N$216,"Погоджено") | D9: =COUNTIFS(Епізоди!$C$2:$C$216,$A9,Епізоди!$N$2:$N$216,"Межовий") | E9: =COUNTIFS(Епізоди!$C$2:$C$216,$A9,Епізоди!$N$2:$N$216,"Відкинуто") | F9: =COUNTIFS(Епізоди!$C$2:$C$216,$A9,Епізоди!$N$2:$N$216,"Зустрічний знак") | G9: =SUM(C9:F9)
A10: Омська область | B10: СФО | C10: =COUNTIFS(Епізоди!$C$2:$C$216,$A10,Епізоди!$N$2:$N$216,"Погоджено") | D10: =COUNTIFS(Епізоди!$C$2:$C$216,$A10,Епізоди!$N$2:$N$216,"Межовий") | E10: =COUNTIFS(Епізоди!$C$2:$C$216,$A10,Епізоди!$N$2:$N$216,"Відкинуто") | F10: =COUNTIFS(Епізоди!$C$2:$C$216,$A10,Епізоди!$N$2:$N$216,"Зустрічний знак") | G10: =SUM(C10:F10)
A11: Томська область | B11: СФО | C11: =COUNTIFS(Епізоди!$C$2:$C$216,$A11,Епізоди!$N$2:$N$216,"Погоджено") | D11: =COUNTIFS(Епізоди!$C$2:$C$216,$A11,Епізоди!$N$2:$N$216,"Межовий") | E11: =COUNTIFS(Епізоди!$C$2:$C$216,$A11,Епізоди!$N$2:$N$216,"Відкинуто") | F11: =COUNTIFS(Епізоди!$C$2:$C$216,$A11,Епізоди!$N$2:$N$216,"Зустрічний знак") | G11: =SUM(C11:F11)
A12: Бурятія | B12: ДФО | C12: =COUNTIFS(Епізоди!$C$2:$C$216,$A12,Епізоди!$N$2:$N$216,"Погоджено") | D12: =COUNTIFS(Епізоди!$C$2:$C$216,$A12,Епізоди!$N$2:$N$216,"Межовий") | E12: =COUNTIFS(Епізоди!$C$2:$C$216,$A12,Епізоди!$N$2:$N$216,"Відкинуто") | F12: =COUNTIFS(Епізоди!$C$2:$C$216,$A12,Епізоди!$N$2:$N$216,"Зустрічний знак") | G12: =SUM(C12:F12)
A13: Саха (Якутія) | B13: ДФО | C13: =COUNTIFS(Епізоди!$C$2:$C$216,$A13,Епізоди!$N$2:$N$216,"Погоджено") | D13: =COUNTIFS(Епізоди!$C$2:$C$216,$A13,Епізоди!$N$2:$N$216,"Межовий") | E13: =COUNTIFS(Епізоди!$C$2:$C$216,$A13,Епізоди!$N$2:$N$216,"Відкинуто") | F13: =COUNTIFS(Епізоди!$C$2:$C$216,$A13,Епізоди!$N$2:$N$216,"Зустрічний знак") | G13: =SUM(C13:F13)
... A25: Наскрізні (рівень РФ) | B25: — | C25: =COUNTIFS(Епізоди!$C$2:$C$216,$A25,Епізоди!$N$2:$N$216,"Погоджено") | D25: =COUNTIFS(Епізоди!$C$2:$C$216,$A25,Епізоди!$N$2:$N$216,"Межовий") | E25: =COUNTIFS(Епізоди!$C$2:$C$216,$A25,Епізоди!$N$2:$N$216,"Відкинуто") | F25: =COUNTIFS(Епізоди!$C$2:$C$216,$A25,Епізоди!$N$2:$N$216,"Зустрічний знак") | G25: =SUM(C25:F25)
A26: РАЗОМ | C26: =SUM(C2:C25) | D26: =SUM(D2:D25) | E26: =SUM(E2:E25) | F26: =SUM(F2:F25) | G26: =SUM(G2:G25)
A28: • Числа рахуються формулами COUNTIFS по аркушу «Епізоди» — щойно аналітик змінить статус або допише рядок, зведення оновиться саме.
A29: • «Зустрічний знак» — четвертий статус, якого немає в таблиці K1. Це факти, що СУПЕРЕЧАТЬ гіпотезі ТЗ про збільшення відтоку (міграційний приріст, скорочення відтоку). Їх не можна відкидати: без них звіт буде однобоким.
A30: • Одиниця обліку — епізод, а не людина. Офіційної статистики міграції за 2026 рік не існує: останній бюлетень Росстату — за 2023 рік.
A31: • Оприлюднення статистики у 2026 році вважається епізодом 2026 року, навіть якщо самі дані за 2023–2024. Це закладено в промпт K3.
A32: • У кожному блоці суб'єкта залишено 4 порожні рядки під нові епізоди — вони вже входять у діапазон підрахунку.

Sheet Довідники
A1: Статус | B1: Механізм | C1: Тип епізоду | D1: Напрям відтоку | E1: Причина за джерелом | F1: Точність дати | G1: Тип джерела
A2: Погоджено | B2: Вугільна криза | C2: Закриття підприємства | D2: Внутрішній | E2: Федеральна | F2: Точна | G2: Незалежне медіа
A3: Межовий | B3: Оптимізація соціалки | C3: Закриття / злиття школи | D3: Зовнішній | E3: Регіональна | F3: Місяць | G3: Регіональне медіа
A4: Відкинуто | B4: Бюджетна криза регіонів | C4: Ліквідація населеного пункту | D4: Змішаний | E4: Змішана | F4: Період | G4: Партійне / громадське
A5: Зустрічний знак | B5: Заміщувальна міграція | C5: Визнання посадовця | D5: Н/д | E5: Не названа | F5: Н/д | G5: Державне
B6: Вахтовизація Півночі | C6: Заява депутата | G6: Соцмережа / форум
B7: Мобілізація і війна | C7: Експертна оцінка | G7: Довідкове (вікі)
B8: Структурний відтік Півночі | C8: Статистичні дані | G8: Наукова публікація
B9: Відтік молоді | C9: Від'їзд спеціалістів | G9: Офіційний документ
B10: Інше | C10: Стратегічний документ | G10: Джерело відсутнє
C11: Репортаж ЗМІ
C12: Інше
